<?xml version="1.0" encoding="UTF-8"?>
<mountaineers>
    <mountaineer>
        <first_name>John</first_name>
        <last_name>Doe</last_name>
        <budget>5000.00</budget>
        <age>55</age>
        <mountaineer_from>1987-01-15</mountaineer_from>
        <climbing_mountain_id>11</climbing_mountain_id>
    </mountaineer>
    <mountaineer>
        <first_name>Jane</first_name>
        <last_name>Smith</last_name>
        <budget>5500.00</budget>
        <age>60</age>
        <mountaineer_from>1982-05-20</mountaineer_from>
        <climbing_mountain_id>20</climbing_mountain_id>
    </mountaineer>
    <mountaineer>
        <first_name>Michael</first_name>
        <last_name>Johnson</last_name>
        <budget>4800.00</budget>
        <age>58</age>
        <mountaineer_from>1984-09-10</mountaineer_from>
        <climbing_mountain_id>33</climbing_mountain_id>
    </mountaineer>
    <mountaineer>
        <first_name>Michael</first_name>
        <last_name>Johnson</last_name>
        <budget>4800.00</budget>
        <age>58</age>
        <mountaineer_from>1984-09-10</mountaineer_from>
        <climbing_mountain_id>33</climbing_mountain_id>
    </mountaineer>
    <mountaineer>
        <first_name>Emily</first_name>
        <last_name>Brown</last_name>
        <budget>5200.00</budget>
        <age>56</age>
        <mountaineer_from>1986-11-25</mountaineer_from>
        <climbing_mountain_id>34</climbing_mountain_id>
    </mountaineer>
    <mountaineer>
        <first_name>Daniel</first_name>
        <last_name>Martinez</last_name>
        <budget>5100.00</budget>
        <age>57</age>
        <mountaineer_from>1985-03-30</mountaineer_from>
        <climbing_mountain_id>15</climbing_mountain_id>
    </mountaineer>
    <mountaineer>
        <first_name>Sarah</first_name>
        <last_name>Taylor</last_name>
        <budget>4900.00</budget>
        <age>49</age>
        <mountaineer_from>1983-07-05</mountaineer_from>
        <climbing_mountain_id>26</climbing_mountain_id>
    </mountaineer>
    <mountaineer>
        <first_name>Matthew</first_name>
        <last_name>Anderson</last_name>
        <budget>5300.00</budget>
        <age>54</age>
        <mountaineer_from>1988-02-18</mountaineer_from>
        <climbing_mountain_id>17</climbing_mountain_id>
    </mountaineer>
    <mountaineer>
        <first_name>Jessica</first_name>
        <last_name>Wilson</last_name>
        <budget>5400.00</budget>
        <age>33</age>
        <mountaineer_from>2003-06-12</mountaineer_from>
        <climbing_mountain_id>8</climbing_mountain_id>
    </mountaineer>
    <mountaineer>
        <first_name>Christopher</first_name>
        <last_name>Thompson</last_name>
        <budget>4700.00</budget>
        <age>32</age>
        <mountaineer_from>2004-10-08</mountaineer_from>
        <climbing_mountain_id>39</climbing_mountain_id>
    </mountaineer>
    <mountaineer>
        <first_name>Amanda</first_name>
        <last_name>Garcia</last_name>
        <budget>4600.00</budget>
        <age>31</age>
        <mountaineer_from>2012-04-14</mountaineer_from>
        <climbing_mountain_id>16</climbing_mountain_id>
    </mountaineer>
    <mountaineer>
        <first_name>David</first_name>
        <last_name>Hernandez</last_name>
        <budget>4700.00</budget>
        <age>30</age>
        <mountaineer_from>2013-08-20</mountaineer_from>
        <climbing_mountain_id>21</climbing_mountain_id>
    </mountaineer>
    <mountaineer>
        <first_name>Ashley</first_name>
        <last_name>Lopez</last_name>
        <budget>5200.00</budget>
        <age>49</age>
        <mountaineer_from>1993-12-25</mountaineer_from>
        <climbing_mountain_id>12</climbing_mountain_id>
    </mountaineer>
    <mountaineer>
        <first_name>James</first_name>
        <last_name>Gonzalez</last_name>
        <budget>5100.00</budget>
        <age>28</age>
        <mountaineer_from>2020-01-30</mountaineer_from>
        <climbing_mountain_id>33</climbing_mountain_id>
    </mountaineer>
    <mountaineer>
        <first_name>Jennifer</first_name>
        <last_name>Rodriguez</last_name>
        <budget>5000.00</budget>
        <age>27</age>
        <mountaineer_from>2015-07-05</mountaineer_from>
        <climbing_mountain_id>24</climbing_mountain_id>
    </mountaineer>
    <mountaineer>
        <first_name>Ryan</first_name>
        <last_name>Perez</last_name>
        <budget>4900.00</budget>
        <age>26</age>
        <mountaineer_from>2020-11-10</mountaineer_from>
        <climbing_mountain_id>25</climbing_mountain_id>
    </mountaineer>
    <mountaineer>
        <first_name>Nicole</first_name>
        <last_name>Sanchez</last_name>
        <budget>4800.00</budget>
        <age>25</age>
        <mountaineer_from>2017-03-15</mountaineer_from>
        <climbing_mountain_id>36</climbing_mountain_id>
    </mountaineer>
    <mountaineer>
        <first_name>Kevin</first_name>
        <last_name>Ramirez</last_name>
        <budget>5300.00</budget>
        <age>54</age>
        <mountaineer_from>1998-05-20</mountaineer_from>
        <climbing_mountain_id>13</climbing_mountain_id>
    </mountaineer>
    <mountaineer>
        <first_name>Elizabeth</first_name>
        <last_name>Torres</last_name>
        <budget>5200.00</budget>
        <age>43</age>
        <mountaineer_from>1999-09-25</mountaineer_from>
        <climbing_mountain_id>10</climbing_mountain_id>
    </mountaineer>
    <mountaineer>
        <first_name>William</first_name>
        <last_name>Flores</last_name>
        <budget>4700.00</budget>
        <age>32</age>
        <mountaineer_from>2000-12-30</mountaineer_from>
        <climbing_mountain_id>31</climbing_mountain_id>
    </mountaineer>
    <mountaineer>
        <first_name>Megan</first_name>
        <last_name>Rivera</last_name>
        <budget>5400.00</budget>
        <age>41</age>
        <mountaineer_from>2001-02-10</mountaineer_from>
        <climbing_mountain_id>29</climbing_mountain_id>
    </mountaineer>
    <mountaineer>
        <first_name>Jacob</first_name>
        <last_name>Campbell</last_name>
        <budget>4800.00</budget>
        <age>53</age>
        <mountaineer_from>1989-11-15</mountaineer_from>
        <climbing_mountain_id>22</climbing_mountain_id>
    </mountaineer>
    <mountaineer>
        <first_name>Olivia</first_name>
        <last_name>Carter</last_name>
        <budget>5500.00</budget>
        <age>69</age>
        <mountaineer_from>1993-08-20</mountaineer_from>
        <climbing_mountain_id>5</climbing_mountain_id>
    </mountaineer>
    <mountaineer>
        <first_name>Liam</first_name>
        <last_name>Hill</last_name>
        <budget>5200.00</budget>
        <age>71</age>
        <mountaineer_from>1991-06-25</mountaineer_from>
        <climbing_mountain_id>4</climbing_mountain_id>
    </mountaineer>
    <mountaineer>
        <first_name>Emma</first_name>
        <last_name>Yung</last_name>
        <budget>5000.00</budget>
        <age>28</age>
        <mountaineer_from>2014-04-30</mountaineer_from>
        <climbing_mountain_id>4</climbing_mountain_id>
    </mountaineer>
    <mountaineer>
        <first_name>Mason</first_name>
        <last_name>Green</last_name>
        <budget>5300.00</budget>
        <age>30</age>
        <mountaineer_from>2021-02-05</mountaineer_from>
        <climbing_mountain_id>8</climbing_mountain_id>
    </mountaineer>
    <mountaineer>
        <first_name>Sophia</first_name>
        <last_name>King</last_name>
        <budget>4900.00</budget>
        <age>32</age>
        <mountaineer_from>2000-01-10</mountaineer_from>
        <climbing_mountain_id>16</climbing_mountain_id>
    </mountaineer>
    <mountaineer>
        <first_name>Peter</first_name>
        <last_name>Evans</last_name>
        <budget>4700.00</budget>
        <age>27</age>
        <mountaineer_from>2022-07-15</mountaineer_from>
        <climbing_mountain_id>7</climbing_mountain_id>
    </mountaineer>
    <mountaineer>
        <first_name>Isabella</first_name>
        <last_name>Scott</last_name>
        <budget>5100.00</budget>
        <age>46</age>
        <mountaineer_from>1996-09-20</mountaineer_from>
        <climbing_mountain_id>1</climbing_mountain_id>
    </mountaineer>
    <mountaineer>
        <first_name>Ethan</first_name>
        <last_name>Adams</last_name>
        <budget>4600.00</budget>
        <age>25</age>
        <mountaineer_from>2020-11-25</mountaineer_from>
        <climbing_mountain_id>3</climbing_mountain_id>
    </mountaineer>
    <mountaineer>
        <first_name>Amelia</first_name>
        <last_name>Baker</last_name>
        <budget>5400.00</budget>
        <age>24</age>
        <mountaineer_from>2019-03-30</mountaineer_from>
        <climbing_mountain_id>9</climbing_mountain_id>
    </mountaineer>
    <mountaineer>
        <first_name>Alexander</first_name>
        <last_name>Cook</last_name>
        <budget>4700.00</budget>
        <age>23</age>
        <mountaineer_from>2023-05-05</mountaineer_from>
        <climbing_mountain_id>38</climbing_mountain_id>
    </mountaineer>
    <mountaineer>
        <first_name>Marta</first_name>
        <last_name>Gonzales</last_name>
        <budget>5200.00</budget>
        <age>42</age>
        <mountaineer_from>2000-07-10</mountaineer_from>
        <climbing_mountain_id>6</climbing_mountain_id>
    </mountaineer>
    <mountaineer>
        <first_name>Samantha</first_name>
        <last_name>Nelson</last_name>
        <budget>5100.00</budget>
        <age>29</age>
        <mountaineer_from>2001-09-15</mountaineer_from>
        <climbing_mountain_id>17</climbing_mountain_id>
    </mountaineer>
    <mountaineer>
        <first_name>Benjamin</first_name>
        <last_name>Mitchell</last_name>
        <budget>5000.00</budget>
        <age>74</age>
        <mountaineer_from>1988-10-20</mountaineer_from>
        <climbing_mountain_id>14</climbing_mountain_id>
    </mountaineer>
    <mountaineer>
        <first_name>Chloe</first_name>
        <last_name>Roberts</last_name>
        <budget>4900.00</budget>
        <age>49</age>
        <mountaineer_from>1992-12-25</mountaineer_from>
        <climbing_mountain_id>40</climbing_mountain_id>
    </mountaineer>
    <mountaineer>
        <first_name>Dani</first_name>
        <last_name>Leen</last_name>
        <budget>4800.00</budget>
        <age>28</age>
        <mountaineer_from>2014-03-30</mountaineer_from>
        <climbing_mountain_id>40</climbing_mountain_id>
    </mountaineer>
    <mountaineer>
        <first_name>Ava</first_name>
        <last_name>Walker</last_name>
        <budget>5300.00</budget>
        <age>27</age>
        <mountaineer_from>2018-05-05</mountaineer_from>
        <climbing_mountain_id>22</climbing_mountain_id>
    </mountaineer>
    <mountaineer>
        <first_name>Madison</first_name>
        <last_name>Hall</last_name>
        <budget>5200.00</budget>
        <age>66</age>
        <mountaineer_from>1996-07-10</mountaineer_from>
        <climbing_mountain_id>23</climbing_mountain_id>
    </mountaineer>
    <mountaineer>
        <first_name>Patrick</first_name>
        <last_name>Lewis</last_name>
        <budget>4700.00</budget>
        <age>55</age>
        <mountaineer_from>1997-09-15</mountaineer_from>
        <climbing_mountain_id>2</climbing_mountain_id>
    </mountaineer>
    <mountaineer>
        <first_name>Abigail</first_name>
        <last_name>Young</last_name>
        <budget>5400.00</budget>
        <age>24</age>
        <mountaineer_from>2021-11-20</mountaineer_from>
        <climbing_mountain_id>18</climbing_mountain_id>
    </mountaineer>
</mountaineers>